"firstname","middlename","lastname","email","group_name"
"Maida","Kirk","Gutmann","vVaLWbmqXQY@testmail.com","Hodkiewicz and Sons"
"Bertha","King","Krajcik","9hEUFGjFxCu@testmail.com","Kautzer, Kautzer and Kautzer"
"Bret","Mckayla","Lind","LYx8dE4lfjm@testmail.com","Emmerich-Emmerich"
"Hayden","Mikayla","Bashirian","P5FbzJwl3jU@testmail.com","Gulgowski, Gulgowski and Gulgowski"
"Reginald","Loyal","Yost","d1y8L5MAAxA@testmail.com","Rogahn, Rogahn and Rogahn"
"Noemie","Elvis","Little","xG0vO16dz0d@testmail.com","Oberbrunner Group"
"Coralie","Ned","Klocko","SBR22cOh9uZ@testmail.com","Corkery-Corkery"
"Elroy","Gwendolyn","Wiegand","R0Jdr3u3cq8@testmail.com","Mraz Group"
"Fanny","Jimmy","Kuhic","0piYLrdeXeD@testmail.com","Bogisich LLC"
"Alan","Nigel","Bergstrom","IiEBdvjk5J2@testmail.com","Dooley and Sons"
